Name,Country
﻿ID,LastName
1,Anders
2,Trujillo
3,Moreno
4,Hardy
5,Berglund
6,Moos
7,Citeaux
8,Sommer
9,Lebihan
10,Lincoln
11,Ashworth
12,Simpson
13,Chang
14,Wang
15,Afonso
16,Brown
17,Ottlieb
18,Labrune
19,Devon
20,Mendel
21,Cruz
22,Roel
23,Rancé
24,Larsson
25,Franken
26,Schmitt
27,Accorti
28,Rodriguez
29,Saavedra
30,Pedro Freyre
31,Fonseca
32,Snyder
33,Pereira
34,Pontes
35,Hernández
36,Latimer
37,McKenna
38,Bennett
39,Cramer
40,Tonini
41,Roulet
42,Tannamuri
43,Steel
44,Messner
45,Yorres
46,González
47,Izquierdo
48,Wilson
49,Rovelli
50,Dewey
51,Fresnière
52,Feuer
53,Crowther
54,Moncada
55,Phillips
56,Pfalzheim
57,Bertrand
58,Fernández
59,Pipps
60,de Castro
61,Batista
62,Carvalho
63,Kloss
64,Gutiérrez
65,Wilson
66,Moroni
67,Limeira
68,Holz
69,Camino
70,Bergulfsen
71,Pavarotti
72,Kumar
73,Petersen
74,Perrier
75,Braunschweiger
76,Cartrain
77,Nixon
78,Wong
79,Josephs
80,Angel Paolino
81,Domingues
82,Nagy
83,Ibsen
84,Saveley
85,Henriot
86,Müller
87,Koskitalo
88,Parente
89,Jablonski
90,Karttunen
91,Piestrzeniewicz
